Bucket,start-x,start-y,goal-x,goal-y,dist,time(ms),optimal
25,100,451,121,358,105.6,27.6,101.7
7,22,440,50,443,29.24,12.4,29.24
127,160,463,399,208,516.01,413.2,511.09
106,475,331,103,437,429.95,141.8,424.78
116,465,257,141,398,477.52,392.2,466.59
9,149,380,136,413,44.38,16.4,39.21
110,494,347,131,389,449.9,243.4,441.7
20,164,477,237,467,82.46,19.2,83.28
41,370,414,223,428,171.23,50.6,166.88
58,270,79,427,227,237.63,126.0,234.71
87,359,181,384,360,355.93,316.4,351.83
52,389,158,360,144,214.52,128.2,209.74
65,88,389,322,450,260.44,84.6,260.1
124,77,410,435,306,503.83,457.0,497.0
9,30,415,58,392,37.53,16.0,37.53
30,112,384,160,486,121.88,13.2,121.88
55,467,302,318,437,226.25,90.2,220.15
48,360,392,194,437,196.1,50.8,192.44
38,104,360,202,461,153.89,34.4,152.72
20,456,275,450,342,81.77,37.2,80.36
37,296,444,154,468,153.11,39.6,151.94
123,228,206,345,419,503.53,286.8,495.33
93,131,461,456,340,378.05,158.8,375.12
15,325,119,276,84,63.5,11.0,63.5
76,487,375,404,118,308.74,188.4,307.81
48,311,463,123,453,192.14,41.8,192.14
119,438,240,160,395,487.11,445.0,476.19
53,488,351,332,435,221.08,137.8,214.88
32,67,389,185,420,133.77,66.6,130.84
104,377,393,308,102,426.6,271.2,418.74
36,126,371,222,471,145.04,22.8,144.45
17,120,471,69,429,73.08,16.2,71.91
127,453,292,51,432,519.4,253.4,511.65
36,311,415,428,343,148.82,24.4,146.82
102,403,423,303,189,421.0,315.0,408.11
121,483,371,87,459,491.85,180.4,486.58
115,47,449,458,328,466.19,258.0,463.61
86,422,222,302,461,353.76,169.8,344.73
37,443,341,328,423,150.14,41.8,148.97
19,118,479,109,405,84.66,28.4,78.9
21,342,418,269,454,88.5,25.8,87.91
57,426,371,237,469,231.35,41.0,229.59
86,421,359,113,446,348.04,73.2,344.04
17,73,423,120,466,75.36,36.0,69.5
103,360,381,284,217,421.1,369.2,412.07
51,56,477,253,468,205.7,42.4,206.53
47,371,415,486,369,197.99,165.6,190.62
58,333,411,463,266,235.79,110.8,232.04
90,196,440,434,314,368.43,264.8,363.26
81,364,373,369,221,330.3,213.8,325.03
54,293,203,458,254,218.79,81.4,218.41
83,420,398,140,365,343.29,129.4,333.19
7,305,141,282,156,29.21,14.2,29.21
15,384,384,410,435,64.6,11.2,63.43
7,115,493,133,472,28.46,11.2,28.46
91,96,423,417,354,371.56,173.6,367.81
111,16,434,415,349,453.91,293.0,447.66
69,464,304,251,224,281.79,106.2,279.11
29,324,196,421,226,116.4,37.2,116.05
98,423,442,53,431,397.27,154.8,394.44
35,211,418,95,484,143.34,13.6,143.34
35,180,415,304,435,141.98,37.6,140.57
23,352,134,339,162,90.98,33.2,92.64
37,224,122,338,212,152.45,20.6,151.28
88,424,376,101,447,359.68,60.6,352.41
20,90,402,21,435,82.67,14.2,82.67
42,218,112,356,182,174.89,55.8,169.48
83,404,186,381,357,339.65,301.8,335.55
43,268,466,102,447,173.87,33.2,173.87
113,453,345,60,398,459.3,143.6,453.89
82,149,403,429,374,339.29,136.4,331.53
119,377,423,242,139,500.77,385.4,479.06
22,185,393,122,435,92.7,22.4,89.18
112,435,312,128,498,457.07,159.2,450.97
62,439,402,214,458,249.37,98.8,248.2
17,234,433,172,413,70.28,18.0,70.28
61,282,449,46,470,246.36,68.0,244.7
21,244,457,162,449,85.31,20.2,85.31
27,103,490,16,433,112.95,25.4,110.61
8,128,464,139,492,32.56,12.4,32.56
10,115,420,95,385,43.87,16.0,43.28
111,203,413,431,222,454.04,275.4,447.22
44,423,425,466,319,186.38,87.6,179.11
37,446,327,417,223,152.54,38.0,148.78
90,369,220,323,417,372.45,241.0,363.66
38,194,388,88,486,155.38,19.4,153.04
49,460,263,393,396,209.68,127.8,197.24
116,426,428,283,147,484.44,376.0,465.75
6,57,379,59,406,27.83,11.4,27.83
36,62,475,150,374,146.82,53.2,144.48
67,446,332,225,452,273.05,87.8,270.71
127,374,370,256,58,515.9,350.4,508.04
92,423,338,122,407,374.78,147.8,368.09
90,283,449,410,224,369.59,209.2,362.9
11,371,421,390,381,49.04,19.0,47.87
97,169,381,471,312,394.97,155.8,390.63
113,336,427,294,200,464.19,457.2,455.4
125,455,411,324,103,513.74,332.0,500.85
95,394,364,61,425,386.69,80.0,381.87
44,202,421,35,415,180.94,68.0,178.6
47,452,339,379,201,194.38,66.6,188.87
45,201,409,29,413,184.43,38.6,182.77
54,395,430,416,327,226.31,161.0,216.69
48,296,468,119,423,195.64,31.2,195.64
71,432,417,429,233,298.91,160.6,286.12
121,430,393,354,130,497.16,436.2,486.03
86,259,146,461,346,351.3,228.8,344.27
90,424,402,95,406,366.04,139.4,363.79
118,88,420,458,294,482.37,402.8,475.55
87,210,438,454,293,354.4,231.8,348.75
46,410,328,377,204,190.38,32.0,185.69
61,242,448,435,329,251.66,70.8,245.81
10,110,480,149,468,43.97,13.4,43.97
27,225,436,323,425,113.08,22.2,110.01
105,476,354,128,438,427.95,194.6,422.78
1,241,474,242,467,7.41,11.4,7.41
123,169,455,407,211,497.39,385.0,492.46
13,56,442,81,397,55.36,12.6,55.36
81,434,307,240,464,332.89,94.2,327.96
2,289,465,283,457,10.49,11.2,10.49
70,159,385,397,402,282.66,104.0,280.66
23,368,186,437,250,98.44,27.6,95.51
74,314,455,47,384,296.99,87.8,296.41
52,116,377,294,452,210.48,85.6,209.07
24,481,384,451,300,100.08,34.2,97.25
15,101,408,49,384,61.94,13.6,61.94
16,268,450,326,429,66.7,17.8,66.7
43,383,197,224,220,179.25,73.6,174.33
115,274,165,378,346,466.04,479.0,461.6
77,474,324,226,471,312.4,111.8,308.89
53,226,465,33,412,216.71,71.4,214.95
25,197,450,296,446,100.66,26.6,100.66
20,486,384,454,331,79.97,41.2,80.8
88,118,358,425,418,356.81,143.8,354.22
116,189,409,409,234,475.11,377.2,467.01
25,363,176,281,123,105.12,35.8,103.95
116,264,144,411,416,479.98,523.0,464.37
21,427,347,464,292,87.11,24.8,85.11
94,430,329,241,133,389.13,269.2,376.2
84,398,368,106,472,339.76,92.6,337.42
127,116,404,456,238,521.14,369.6,511.0
97,421,418,47,436,396.47,129.4,391.4
89,415,382,288,182,367.92,237.6,359.72
38,249,459,384,412,154.47,42.4,154.47
127,167,390,406,213,517.27,383.4,511.51
19,62,399,126,368,76.84,24.0,76.84
24,103,449,121,358,105.43,25.8,98.46
67,308,228,447,325,273.52,141.8,269.42
34,219,430,90,415,138.63,32.2,137.46
106,120,493,478,333,433.2,179.8,427.59
115,294,462,331,163,468.83,290.6,461.55
127,380,370,253,62,517.72,336.8,511.87
26,32,440,134,438,107.8,20.8,106.97
66,438,304,286,148,280.09,193.0,266.92
8,89,456,72,429,36.38,12.8,34.04
31,123,494,25,427,128.68,36.8,125.75
115,237,215,359,379,468.42,334.4,461.14
77,419,138,401,354,308.78,170.6,308.19
48,457,310,332,418,201.11,58.0,194.42
73,411,111,221,113,311.71,107.6,292.74
95,488,375,194,439,389.26,194.2,382.33
50,210,424,357,372,224.38,91.8,200.58
8,105,403,136,393,35.14,13.0,35.14
41,359,406,478,346,167.07,97.4,165.55
64,435,312,304,460,267.09,93.0,259.23
58,353,409,157,392,238.87,61.6,232.87
66,186,411,422,406,267.65,90.6,266.24
20,234,122,302,138,87.01,25.2,81.6
84,208,448,466,299,341.88,179.8,338.12
74,483,344,250,458,299.43,152.4,296.16
103,484,337,121,446,419.71,177.0,414.78
64,401,412,158,450,259.91,53.0,258.74
44,472,314,361,219,181.14,77.4,177.87
121,269,145,324,421,498.47,407.8,486.51
35,307,439,437,428,140.11,29.4,140.36
89,289,210,401,360,364.53,281.0,359.02
106,487,318,145,370,438.7,249.0,426.26
93,354,223,391,355,377.37,394.8,373.52
63,478,393,403,179,259.11,137.2,254.18
108,363,398,384,76,440.49,218.4,433.46
97,423,353,109,354,399.32,149.8,389.8
61,411,313,432,431,254.76,156.8,246.32
50,51,398,224,468,201.99,26.4,201.99
24,210,423,121,445,98.11,21.8,98.11
90,187,425,487,316,367.13,97.0,361.72
72,484,393,303,451,295.29,74.0,289.68
90,128,411,459,415,363.61,101.0,360.44
63,199,390,366,360,258.52,55.4,253.11
46,491,346,404,428,195.79,119.0,187.25
56,262,443,46,422,226.94,78.6,226.36
55,298,178,406,96,224.55,159.8,221.62
92,405,425,66,401,372.24,144.0,368.82
2,241,54,236,63,11.66,7.4,11.07
29,402,313,444,235,122.28,33.0,119.94
25,122,418,208,454,100.91,16.8,100.91
62,324,199,490,335,250.39,71.2,248.29
42,141,420,290,458,170.6,84.8,170.01
50,442,417,456,317,212.31,102.2,203.87
77,409,181,374,386,318.92,203.4,309.55
90,34,449,381,421,363.08,130.4,361.08
18,369,358,378,426,76.46,21.8,73.14
63,274,456,46,397,252.44,51.8,252.44
50,74,432,258,471,200.74,47.2,200.15
101,422,397,47,472,407.24,113.6,406.07
28,172,384,64,398,116.04,20.4,113.8
10,159,473,134,443,40.36,16.0,40.36
39,60,446,203,406,160.74,40.2,159.57
65,337,418,108,501,265.72,52.0,263.38
67,237,472,444,324,270.65,51.4,269.48
47,301,457,137,405,196.51,51.4,191.92
49,42,415,233,435,199.87,42.6,199.28
12,191,438,142,442,50.66,13.2,50.66
68,434,236,332,408,279.91,100.6,273.81
57,461,378,399,189,235.11,103.6,231.25
28,174,442,65,456,114.8,18.0,114.8
48,230,457,410,419,196.33,87.8,195.74
14,73,364,41,410,59.25,19.2,59.25
80,29,407,324,416,325.34,171.2,322.75
73,439,425,179,390,304.24,133.2,294.38
35,248,449,367,389,145.02,36.6,143.85
23,78,446,72,355,93.49,30.6,93.49
102,35,415,405,374,415.59,237.8,411.84
125,383,80,303,428,508.74,260.8,503.47
49,112,402,294,445,204.54,83.2,199.81
30,55,404,163,373,122.01,26.6,120.84
35,147,380,101,501,140.05,23.8,140.05
61,365,116,406,123,0.0,890.2,244.59
83,354,415,50,407,335.82,125.0,332.17
7,258,220,230,219,28.41,10.8,28.41
52,354,413,168,469,211.54,46.4,209.2
19,18,432,72,377,77.37,12.4,77.37
76,368,371,105,453,308.68,76.4,305.75
38,272,477,132,476,154.36,26.4,152.84
27,126,463,26,437,110.77,33.2,110.77
34,466,330,404,394,146.85,91.8,139.34
127,412,224,158,380,526.78,506.2,511.17
80,266,476,464,377,322.79,235.4,321.86
60,319,459,88,484,242.53,62.6,241.36
71,159,439,425,436,285.81,98.2,284.64
98,232,464,446,233,397.62,248.2,395.03
26,38,436,126,482,107.64,27.6,107.05
15,455,329,502,360,62.18,17.2,62.43
63,383,399,167,398,260.52,88.0,254.52
33,180,380,61,346,134.25,35.0,133.08
62,26,418,255,467,249.3,64.2,249.3
127,236,219,450,408,521.27,433.4,511.07
84,376,351,369,209,340.85,156.6,337.58
83,374,416,67,406,338.24,178.6,335.17
3,430,421,430,406,15.0,11.6,15.0
115,372,116,388,399,473.26,362.8,460.37
78,384,82,451,337,317.71,135.2,315.95
55,440,407,237,437,227.47,88.6,222.05
21,221,460,301,471,84.56,26.6,84.56
76,326,194,420,373,321.43,207.8,306.26
104,472,382,159,442,424.12,207.0,418.95
17,123,415,123,483,68.0,13.0,68.0
56,306,180,450,303,229.69,76.4,226.42
66,203,459,420,348,265.91,60.6,264.15
22,145,463,224,433,91.43,14.0,91.43
121,256,475,410,153,489.85,330.6,484.58
11,97,456,93,412,48.14,15.6,47.31
36,393,428,269,469,147.12,27.6,146.78
56,288,201,456,271,226.25,80.0,225.32
23,293,190,368,211,100.08,27.6,94.33
95,409,412,325,196,394.03,262.4,382.32
48,381,156,264,222,199.61,52.0,192.34
8,286,185,288,152,36.66,7.8,34.66
115,320,410,310,122,469.23,343.6,461.96
10,82,358,50,385,43.18,13.0,43.18
125,69,371,466,303,507.7,332.8,502.53
113,400,400,245,205,472.62,406.2,455.73
88,305,98,480,369,355.79,170.2,354.27
44,47,446,221,434,182.28,59.0,179.8
95,434,344,119,504,385.37,103.0,381.27
119,299,99,431,391,490.4,518.6,477.96
38,377,425,473,326,160.44,50.2,153.41
79,83,461,384,416,320.81,72.8,319.64
69,497,335,413,110,277.88,110.4,276.36
107,439,436,31,444,430.71,143.2,428.71
25,303,425,401,422,99.24,32.0,100.07
96,172,464,440,317,390.75,274.8,385.82
92,171,434,469,307,375.19,216.6,370.85
127,408,403,222,113,533.71,375.0,512.0
11,294,140,288,182,46.14,11.6,46.97
35,299,228,336,163,151.78,81.0,143.88
9,94,461,127,475,38.8,12.6,38.8
124,170,378,413,233,507.37,406.2,497.03
106,447,404,318,191,437.79,293.2,426.07
25,173,404,82,380,105.43,32.6,100.94
20,156,446,84,470,81.94,11.4,81.94
43,200,392,31,404,173.97,88.6,173.97
97,158,471,483,339,393.58,231.4,388.55
65,422,212,365,391,271.18,129.2,262.74
53,386,360,418,314,214.55,113.6,212.79
2,200,422,195,416,8.07,12.0,8.07
44,403,372,441,243,179.99,70.4,177.99
118,112,426,419,330,482.89,498.2,474.3
107,404,216,227,435,442.56,392.8,430.7
54,204,453,404,407,219.64,114.2,219.05
86,456,322,198,420,354.58,151.8,344.23
36,364,392,243,452,147.02,43.8,145.85
29,412,230,317,233,117.64,28.2,117.05
89,108,461,445,409,359.71,205.2,358.54
14,198,393,191,447,56.9,13.8,56.9
74,128,480,396,431,301.17,125.4,296.58
13,458,337,502,345,57.21,12.2,54.53
4,204,106,208,88,19.66,7.0,19.66
119,234,62,406,382,485.37,318.0,476.93
127,450,303,45,427,527.07,323.2,509.96
67,126,447,372,387,272.02,90.0,270.85
85,289,205,475,381,346.59,174.2,341.91
49,366,128,337,228,198.52,113.6,197.01
56,233,427,436,409,229.71,95.0,225.95
21,60,380,121,435,88.47,23.8,87.3
61,104,403,328,431,252.75,87.8,247.2
89,448,432,116,469,359.12,147.0,356.44
126,350,134,322,440,513.7,410.0,507.49
37,464,251,339,226,150.27,44.4,151.1
105,175,433,459,256,426.4,294.8,420.75
103,431,435,412,136,422.32,219.6,412.36
9,96,491,94,452,39.83,12.2,39.83
58,500,335,306,424,238.52,105.8,235.84
13,399,375,368,370,56.53,21.6,55.11
83,389,407,407,158,348.16,199.6,335.86
91,246,127,479,352,376.52,197.0,367.93
42,218,420,61,393,180.12,96.6,168.18
85,407,317,251,474,347.13,62.0,343.96
109,322,101,361,389,447.74,414.0,439.06
63,504,359,342,215,262.74,171.8,253.46
64,452,374,355,184,267.39,62.2,259.19
108,477,314,132,370,443.36,247.2,432.67
85,290,156,476,376,349.89,218.2,341.69
21,192,440,114,423,85.04,16.8,85.04
31,59,466,180,456,128.07,26.2,126.31
64,362,118,398,108,261.76,115.0,259.08
112,378,392,233,197,456.9,449.6,449.04
96,91,356,422,406,387.19,157.2,384.61
88,77,415,408,425,357.37,120.0,355.02
14,141,395,104,362,57.36,14.4,57.6
54,251,447,53,403,216.81,64.8,216.23
91,99,441,423,351,367.18,159.6,364.59
63,309,444,505,355,257.68,178.4,254.4
33,205,433,88,472,133.15,14.4,133.15
31,312,452,186,449,127.24,33.8,127.24
78,47,428,343,414,318.95,139.8,315.88
78,52,390,329,412,317.11,164.2,313.45
16,172,386,115,403,64.04,23.4,64.04
81,41,435,346,407,328.78,144.0,326.54
5,393,165,413,169,21.66,15.6,21.66
126,222,215,413,438,517.63,381.6,507.43
30,323,451,208,431,126.21,30.0,123.28
53,443,317,419,142,216.97,77.8,213.11
114,288,460,411,140,463.88,273.6,459.78
40,492,380,430,245,165.95,62.0,162.44
75,217,210,451,291,304.04,111.4,300.52
27,361,418,276,475,109.78,18.4,108.61
57,47,439,264,472,231.25,27.8,230.67
55,332,168,424,305,228.52,95.8,222.08
74,396,399,130,416,301.31,117.0,298.24
3,206,421,197,413,12.31,12.2,12.31
13,245,449,296,445,55.73,20.4,52.66
83,371,405,67,411,344.79,234.6,334.65
7,165,436,137,438,28.83,14.4,28.83
75,453,279,226,125,314.75,203.6,301.48
88,246,198,493,345,358.43,127.8,353.75
95,383,372,69,353,387.27,131.8,382.35
126,426,413,372,139,517.61,483.2,507.9
67,424,325,302,456,280.02,132.8,270.99
71,183,444,452,433,285.5,68.0,284.33
3,470,359,464,348,13.49,7.6,13.49
109,343,407,312,121,445.74,314.6,438.71
76,275,463,500,369,306.2,229.4,305.27
50,150,459,337,421,203.33,70.8,202.74
92,378,376,65,379,378.33,158.8,368.92
76,462,302,224,221,308.62,167.2,304.52
112,268,229,426,402,460.3,399.2,450.1
71,425,310,283,156,299.46,177.8,287.26
104,437,433,62,381,425.59,277.4,416.42
119,279,454,326,161,487.51,325.0,479.07
48,466,303,338,201,197.14,57.6,192.69
126,456,305,40,445,514.92,229.4,507.16
53,194,417,385,423,214.54,47.0,213.37
49,231,196,327,106,201.48,46.4,196.31
36,43,481,171,438,146.4,31.2,145.81
49,363,394,196,420,203.41,49.0,198.48
35,418,377,305,448,147.1,32.0,142.41
23,245,461,326,427,95.08,25.4,95.08
50,478,361,382,206,208.48,62.2,203.79
110,260,450,402,179,446.19,306.0,440.91
92,187,421,497,323,377.75,129.6,370.48
39,456,339,434,393,164.47,134.2,156.02
57,462,375,332,415,233.28,87.8,230.01
17,212,428,165,376,71.47,17.8,71.47
123,381,395,243,63,511.03,360.6,493.8
14,423,243,383,205,59.25,17.4,58.67
51,355,424,472,372,215.65,183.8,205.94
96,342,225,430,417,394.03,348.4,384.66
38,410,218,485,340,153.65,30.0,153.07
13,183,389,137,368,54.7,17.6,54.7
103,434,337,210,111,430.66,277.4,414.8
42,290,458,133,494,175.91,38.0,171.91
112,143,391,453,279,454.22,331.0,449.63
93,219,199,464,345,377.43,157.4,372.16
38,395,371,279,453,152.89,78.4,152.31
67,465,422,206,440,274.84,133.8,271.43
62,425,355,400,166,254.01,119.0,249.32
76,385,407,110,484,308.65,88.4,306.89
115,419,144,283,456,468.88,386.2,462.44
96,394,183,303,443,394.14,267.8,387.7
14,453,317,469,358,58.46,22.4,57.87
77,169,375,425,393,312.05,82.8,309.46
17,81,433,120,485,71.33,26.4,69.57
87,384,84,202,113,370.99,111.8,351.43
40,312,462,150,463,164.41,63.0,163.24
5,243,201,233,219,22.73,13.6,22.14
9,43,439,71,412,39.18,18.4,39.18
97,351,123,427,376,401.46,340.4,391.46
109,504,362,158,376,450.84,246.4,438.06
28,31,408,127,450,113.4,26.8,113.4
19,25,444,93,421,83.53,34.2,77.53
82,388,345,122,471,332.84,163.6,330.49
126,279,461,309,141,513.94,469.8,507.25
34,240,463,104,458,144.56,32.6,138.07
11,169,447,149,484,45.28,12.8,45.28
28,390,203,453,289,115.61,28.4,112.68
96,116,429,451,341,388.46,141.2,384.71
98,176,457,454,282,399.58,284.6,395.82
78,74,398,359,421,316.41,134.4,314.41
38,60,480,186,412,167.92,69.0,154.17
15,44,415,84,370,61.57,14.6,61.57
108,434,347,49,470,441.22,110.2,435.95
48,367,138,310,238,197.85,67.8,195.41
85,209,443,451,300,346.5,245.2,341.92
109,327,202,297,430,446.22,312.8,439.77
105,466,353,232,65,429.29,271.2,422.5
30,200,425,92,461,122.91,23.4,122.91
84,383,421,59,457,340.67,66.8,338.91
118,299,180,309,448,480.54,435.8,472.34
21,287,220,263,147,87.63,18.2,84.11
118,454,374,107,455,478.92,220.2,473.3
13,370,396,414,376,52.87,20.6,52.28
29,168,454,282,465,118.56,16.8,118.56
116,469,355,99,479,471.06,197.0,466.03
12,291,195,326,203,52.7,22.0,51.53
64,303,467,68,413,268.68,211.4,257.37
40,482,348,389,410,175.12,94.0,161.31
19,138,390,74,353,81.08,25.4,79.91
75,141,386,409,424,305.38,82.0,303.62
16,326,411,387,424,66.38,18.8,66.38
32,58,391,159,462,130.41,45.2,130.41
100,299,227,363,421,414.86,255.2,403.49
47,311,429,156,377,199.31,34.6,189.79
1,494,324,492,330,6.83,6.6,6.83
64,265,228,396,88,259.75,218.4,256.82
61,413,164,471,365,246.42,59.4,244.91
104,436,438,338,158,429.91,214.4,416.78
54,262,75,406,170,223.84,108.8,219.74
24,89,433,171,393,110.71,44.0,98.57
76,479,391,319,229,309.08,175.4,304.74
119,237,221,421,395,490.86,427.0,477.35
13,266,462,314,451,52.56,22.8,52.56
87,287,225,401,365,353.61,244.2,349.26
14,102,432,109,380,60.56,24.8,58.21
13,76,474,123,459,53.21,20.6,53.21
73,318,415,424,240,299.88,153.6,293.19
14,416,216,454,258,57.74,12.8,57.74
53,423,311,421,404,220.82,166.2,212.97
66,122,458,356,389,269.61,114.0,267.85
97,107,486,467,417,389.75,83.6,388.58
19,129,416,127,493,77.83,14.6,77.83
123,65,443,468,356,497.95,595.8,492.33
32,470,389,413,323,131.28,49.8,130.11
75,422,414,140,432,304.47,72.8,300.23
61,293,455,74,394,244.85,82.8,244.27
116,91,477,492,323,468.89,226.6,464.79
113,413,402,324,105,466.01,341.8,453.13
41,298,440,156,390,172.27,34.0,166.85
49,245,469,396,368,197.52,43.2,196.35
118,320,426,268,224,481.04,457.4,474.94
31,50,447,146,379,128.27,56.0,126.51
51,371,391,190,441,209.27,69.8,205.02
42,388,156,297,190,177.75,93.6,168.72
44,217,438,54,470,176.84,35.6,176.25
54,445,398,443,301,226.48,127.4,218.62
10,419,229,385,206,43.53,18.0,43.53
13,309,95,313,146,52.66,14.6,52.66
85,88,430,411,410,345.71,223.8,343.71
57,245,473,27,441,235.94,71.4,231.25
9,101,429,64,430,37.41,15.4,37.41
52,443,313,326,416,213.76,79.2,210.59
16,305,179,302,132,66.18,22.8,65.25
50,113,440,311,454,203.8,143.2,203.8
43,271,471,115,491,173.5,33.8,172.57
8,47,399,64,427,35.04,11.8,35.04
42,249,49,284,180,174.45,36.0,169.62
64,450,314,394,95,260.97,95.2,257.69
40,420,241,407,98,162.23,45.2,162.47
19,430,416,395,380,86.7,23.8,79.43
106,429,427,30,405,431.41,217.4,427.99
63,422,241,386,370,261.84,189.4,255.39
77,347,419,53,456,309.91,86.2,309.33
112,474,326,95,494,452.69,155.6,448.59
18,291,229,332,207,75.87,28.8,75.04
11,289,157,252,140,44.04,19.6,44.04
32,410,127,342,168,0.0,11.4,129.47
16,149,437,129,496,67.28,13.2,67.28
90,196,443,474,363,368.15,328.8,361.71
98,198,407,457,373,396.93,337.6,392.83
110,141,461,415,317,445.5,446.2,440.58
32,214,99,303,182,132.17,51.2,128.07
88,202,433,498,340,362.26,221.4,353.58
38,392,430,254,448,153.84,15.6,152.91
55,276,446,92,358,226.21,38.4,220.45
119,307,424,291,171,485.5,480.8,476.13
77,405,353,150,473,315.25,97.4,311.74
16,421,335,389,387,67.84,16.0,66.08
94,221,121,497,332,386.77,145.8,379.36
66,316,146,413,324,270.16,157.2,266.06
31,282,143,356,233,125.92,50.8,124.75
43,283,460,112,465,174.24,66.0,173.07
93,213,420,468,382,378.65,309.0,375.72
114,504,343,121,399,466.0,268.8,456.73
30,161,443,87,357,121.92,22.4,120.17
34,164,428,44,397,137.33,20.2,136.74
62,155,432,355,373,0.0,6.6,250.44
116,475,351,96,399,475.86,268.8,467.52
58,240,64,203,106,252.32,81.4,235.49
121,75,485,453,306,488.0,511.6,484.83
31,374,191,306,100,126.78,51.0,126.2
125,94,414,464,267,508.65,387.6,500.06
87,422,346,120,432,354.39,73.8,349.56
114,391,416,242,213,469.69,389.4,457.14
54,228,436,420,394,218.27,107.2,216.85
118,498,357,114,381,483.77,267.2,475.81
24,365,128,335,161,98.25,31.2,99.33
36,234,470,127,376,147.11,23.0,145.94
15,192,424,134,437,63.38,12.8,63.38
18,364,392,423,358,73.08,29.4,73.08
33,126,496,49,394,135.65,41.4,133.89
29,407,371,313,428,118.2,41.4,117.61
98,181,403,472,362,400.72,330.8,393.1
126,273,76,410,433,517.21,498.6,507.6
99,81,373,437,416,401.01,142.2,397.84
14,62,356,96,401,60.25,15.0,59.67
80,395,114,206,98,345.58,145.4,322.02
38,149,438,299,441,155.97,40.4,154.56
115,490,327,107,369,474.04,312.0,463.36
108,395,84,377,364,438.52,304.2,435.24
22,90,400,121,476,88.84,34.0,88.84
100,235,457,420,232,421.24,305.4,400.9
63,298,428,87,360,263.35,47.4,254.42
68,179,417,429,426,274.78,77.8,273.61
116,296,471,414,131,471.27,284.6,467.75
125,493,367,89,389,518.22,277.6,502.94
77,143,385,392,371,311.78,97.4,308.61
77,239,130,450,302,317.92,222.6,308.99
20,425,433,368,379,83.47,24.6,82.88
7,96,455,121,444,29.56,14.8,29.56
82,53,388,345,414,331.04,161.2,328.45
36,32,407,175,396,147.56,61.6,147.56
16,494,334,484,394,64.14,11.2,64.14
26,291,170,235,216,104.87,28.2,104.28
39,313,441,160,455,158.8,47.4,158.8
81,99,410,369,372,328.25,180.4,326.49
80,116,401,399,396,333.08,172.8,323.28
82,418,393,131,499,331.49,147.2,330.91
77,408,116,210,94,330.68,112.4,311.71
86,70,487,374,390,345.35,114.2,344.18
13,122,410,165,429,53.36,16.4,53.36
76,109,499,356,379,310.18,138.2,307.84
79,375,392,107,386,326.53,137.0,316.15
2,411,144,415,154,11.66,12.0,11.66
83,203,108,461,277,344.49,218.2,332.83
7,199,111,209,85,30.14,4.6,30.14
10,474,380,506,356,41.94,8.4,41.94
6,114,399,134,412,25.38,15.0,25.38
108,128,408,489,341,445.83,281.6,434.03
104,106,436,467,325,419.95,191.6,416.19
107,422,344,64,381,438.69,311.0,428.69
51,413,168,489,327,209.15,53.2,207.05
26,120,506,51,435,104.85,42.0,104.27
91,141,384,432,334,367.76,129.0,364.59
28,84,426,184,395,114.6,50.4,112.84
31,81,412,196,434,124.11,26.6,124.11
117,399,399,241,141,490.7,396.6,469.57
21,335,169,266,152,91.64,23.6,84.91
36,26,430,170,433,145.24,43.4,145.24
65,467,378,344,215,265.87,129.8,261.76
75,435,239,451,429,309.46,209.0,301.61
34,384,405,474,317,147.44,32.2,139.24
59,58,397,265,475,239.31,52.0,239.31
12,61,442,102,424,48.46,21.0,48.46
101,158,373,484,326,412.97,125.0,405.11
71,160,440,434,421,288.01,93.2,286.01
126,283,85,323,409,514.0,426.0,507.31
10,72,447,92,415,40.87,18.6,40.28
16,489,346,443,353,68.01,36.2,65.33
28,192,432,98,387,112.64,22.6,112.64
29,53,474,160,448,121.28,19.0,117.77
67,244,198,415,109,275.48,140.4,269.38
79,79,452,381,412,319.15,165.6,318.57
17,381,352,360,413,70.28,32.2,69.7
11,482,310,460,274,51.56,10.8,47.46
72,283,465,425,320,293.82,225.8,290.65
15,245,461,194,430,63.84,8.4,63.84
9,306,435,333,409,37.77,16.8,37.77
40,318,188,271,73,164.21,51.8,161.04
32,196,403,302,451,129.4,31.6,128.23
107,377,415,311,108,439.6,326.6,431.16
61,185,418,385,364,249.08,68.0,247.66
65,65,377,285,474,261.94,49.0,260.18
90,377,376,48,451,365.72,132.2,361.48
11,139,402,116,436,46.46,19.2,44.11
68,419,153,480,381,275.15,98.8,275.63
44,220,127,268,77,182.89,62.8,176.41
68,420,215,196,101,285.46,157.6,273.71
22,453,243,484,322,93.01,22.8,91.84
10,148,471,185,463,41.14,12.8,40.31
102,319,103,384,388,417.77,339.2,410.74
53,499,325,442,393,0.0,996.0,212.82
85,416,370,120,484,347.32,91.8,343.22
17,75,354,75,422,68.0,15.4,68.0
14,100,470,51,452,58.8,26.4,56.46
126,354,180,212,444,529.13,544.8,506.88
24,180,447,272,461,97.8,19.0,97.8
43,431,242,315,132,172.84,91.4,172.49
61,419,216,256,58,248.36,104.0,244.85
5,417,151,412,171,32.66,15.4,22.07
17,354,418,425,416,71.83,26.8,71.83
96,419,368,85,493,389.88,97.4,385.78
39,155,477,296,435,160.15,38.2,158.4
105,124,478,482,330,424.58,186.2,420.13
24,143,371,116,459,99.18,47.8,99.18
32,389,197,324,117,132.1,61.6,129.99
108,448,241,181,455,438.99,310.8,433.48
71,337,233,418,365,291.53,183.6,286.85
15,311,420,286,472,62.36,17.6,62.36
91,464,416,137,383,371.87,170.6,364.69
42,76,449,240,467,171.46,39.2,171.46
34,218,468,337,425,136.81,37.2,136.81
17,313,454,244,452,69.83,29.6,69.83
31,415,378,453,289,129.47,41.6,125.71
12,227,449,190,417,50.25,13.4,50.25
109,124,493,457,306,441.24,353.8,437.49
120,170,465,408,231,488.32,433.2,481.63
2,296,183,301,188,8.83,7.0,8.83
46,396,420,223,448,186.36,33.2,184.6
66,294,140,451,320,271.63,157.8,264.95
103,454,319,131,471,420.4,229.6,414.89
105,409,406,294,189,439.1,382.0,420.22
39,59,489,156,375,157.11,28.6,156.52
109,390,75,369,373,0.0,11.6,438.14
48,327,432,141,452,194.87,30.0,194.28
126,318,149,267,461,516.55,501.4,506.94
8,364,413,386,387,35.11,13.6,35.11
61,108,503,327,433,249.17,58.6,247.99
45,63,344,144,491,181.72,57.4,180.55
70,194,107,418,237,291.26,116.8,282.68
47,231,225,409,211,191.84,62.0,191.25
88,487,368,219,464,359.16,124.4,355.3
77,265,220,469,339,314.66,151.8,309.98
39,388,376,458,375,159.27,104.2,158.92
80,285,228,496,370,325.05,105.4,323.53
90,428,409,82,451,364.57,90.2,363.4
6,42,408,68,405,27.24,12.2,27.24
44,462,305,414,410,186.82,175.6,179.55
60,405,101,301,101,250.89,86.2,243.28
65,482,376,388,160,267.42,130.2,262.74
42,318,415,173,470,173.05,39.0,170.12
14,146,451,126,501,58.28,14.2,58.28
34,291,465,157,460,138.9,34.2,136.07
42,427,234,289,170,173.82,99.2,171.14
121,237,132,386,423,506.84,439.4,486.54
45,410,109,316,152,184.2,45.4,180.1
64,221,218,452,246,259.17,120.4,259.17
12,81,380,60,422,50.7,13.2,50.7
33,180,430,301,427,137.15,44.0,134.67
81,261,148,478,334,329.13,190.8,324.79
68,414,397,166,428,277.99,89.6,274.92
4,169,470,167,452,18.83,12.4,18.83
115,477,329,79,482,464.89,162.8,461.37
12,61,458,106,442,53.97,15.6,51.63
8,196,460,208,431,33.97,2.4,33.97
76,402,432,115,430,309.95,105.8,307.71
3,406,430,403,417,14.24,12.0,14.24
32,183,410,88,497,132.79,18.2,131.04
31,244,442,124,426,126.63,46.0,126.63
20,40,422,108,452,81.01,23.0,80.43
46,318,447,140,462,187.04,62.6,184.21
67,275,150,458,300,275.19,165.0,269.33
16,77,402,114,452,65.33,14.0,65.33
126,260,65,372,423,522.0,414.0,507.7
34,121,360,230,431,139.24,39.6,138.41
60,332,124,450,282,243.02,106.0,241.75
103,309,139,362,365,420.57,460.2,415.06
11,305,464,263,451,47.38,19.4,47.38
101,341,170,444,414,416.49,423.6,406.29
102,469,384,176,435,413.26,178.4,408.09
125,52,413,469,302,507.89,409.0,503.55
16,465,373,470,312,67.8,15.8,67.21
37,411,164,450,283,150.65,36.6,150.89
53,241,210,430,232,215.85,81.4,214.68
98,417,402,46,438,399.75,139.6,395.85
46,359,376,456,285,190.45,87.8,187.87
125,486,354,70,394,514.07,294.8,503.14
21,339,407,411,379,89.11,24.4,85.25
47,319,416,152,468,190.3,44.0,188.54
9,401,396,436,397,36.24,13.2,36.24
12,68,436,114,424,50.97,17.8,50.97
15,238,204,289,234,64.6,16.2,63.43
100,499,373,175,446,407.92,154.6,401.82
71,365,397,107,466,288.34,136.0,286.58
100,412,152,442,423,409.42,343.8,402.39
88,225,208,409,322,355.81,154.8,352.29
65,274,474,25,438,269.47,91.0,263.91
50,410,134,307,106,206.58,83.0,200.72
79,391,342,148,398,324.61,115.8,317.43
112,467,328,91,382,462.32,239.4,450.56
85,486,365,227,430,349.85,193.2,342.23
76,274,82,386,80,312.88,174.2,306.43
75,63,434,352,424,306.5,77.4,303.08
70,409,360,195,390,290.29,141.4,281.95
46,487,354,350,405,187.97,72.8,185.87
8,243,438,273,449,35.14,14.0,34.56
26,451,432,360,392,107.57,12.4,107.57
23,217,452,135,480,95.36,22.8,93.6
84,392,427,79,474,338.37,80.0,337.44
29,239,59,334,119,120.44,34.2,119.85
31,383,384,486,330,130.05,39.8,126.2
40,152,397,285,466,161.58,42.4,161.58
124,123,471,447,241,502.27,466.8,498.52
87,468,361,350,125,354.03,338.4,351.59
22,290,150,357,185,90.47,23.6,89.3
37,312,437,203,390,155.74,35.6,149.15
98,312,144,376,375,402.29,423.8,395.84
30,145,493,192,389,123.47,37.6,123.47
2,18,440,25,431,11.9,12.2,11.9
67,54,421,308,460,270.74,97.6,270.15
27,137,435,65,355,118.02,34.2,109.82
86,112,449,440,435,345.15,162.8,345.4
29,492,373,414,325,120.08,68.4,118.91
28,311,226,405,182,116.23,23.6,113.05
100,389,400,289,192,415.69,368.4,402.8
33,103,368,65,486,139.74,55.0,135.15
48,337,160,385,82,198.99,111.0,194.31
30,295,194,371,192,126.23,41.6,123.3
27,446,242,358,186,111.78,23.2,111.2
27,124,462,27,430,110.25,33.8,110.25
96,65,453,431,400,388.54,128.6,387.95
81,361,410,66,409,331.14,204.4,324.41
30,111,477,72,373,120.15,64.2,120.15
95,394,349,100,360,388.45,122.8,380.1
39,232,437,100,377,157.68,36.4,156.85
106,413,359,260,70,434.26,280.4,425.81
108,448,411,44,483,435.58,151.8,433.82
36,292,198,197,109,151.78,44.6,145.34
68,149,472,369,368,274.21,89.2,273.04
121,390,405,226,121,508.06,455.2,486.34
81,114,373,399,417,329.01,111.4,326.42
78,63,459,359,411,317.05,156.8,315.88
108,276,447,413,173,440.09,338.6,434.23
63,327,439,471,387,255.91,208.6,253.22
42,413,224,318,110,169.45,96.6,169.69
121,294,228,292,452,494.5,304.0,486.88
88,320,418,375,207,361.79,222.8,355.1
71,455,304,304,89,292.19,147.0,287.5
109,383,406,347,119,447.26,418.6,436.13
35,74,385,145,499,143.41,31.4,143.41
19,374,123,313,145,79.63,25.0,78.8
102,367,182,300,461,420.88,286.6,411.27
52,215,422,400,433,211.2,51.4,209.44
75,403,363,138,451,306.14,57.4,303.79
125,141,433,428,220,507.59,424.6,503.59
30,107,493,51,393,123.78,36.2,123.2
9,114,446,146,462,38.63,20.8,38.63
125,327,408,359,144,508.58,582.8,503.55
26,242,225,343,229,104.9,49.6,105.73
88,483,390,287,206,365.61,293.0,353.22
11,65,386,37,422,47.6,13.4,47.6
32,357,129,291,199,132.57,47.6,131.3
82,403,314,259,448,335.95,94.2,330.43
125,271,452,414,112,505.06,355.2,502.71
97,427,403,60,440,391.2,137.8,390.61
121,285,120,327,440,495.8,469.6,484.42
63,450,433,423,312,262.01,160.8,253.56
106,380,209,263,459,432.53,379.4,424.91
111,61,393,445,345,452.37,304.8,446.96
66,243,135,399,109,273.76,199.8,267.18
24,439,397,345,406,98.31,13.2,97.73
4,28,430,40,415,19.97,14.4,19.97
124,211,438,414,177,507.81,425.2,499.47
32,151,490,60,402,131.55,36.0,131.55
66,413,162,208,96,283.33,108.4,264.95
37,92,374,220,428,150.37,57.6,150.37
101,180,446,480,389,407.05,345.2,405.78
84,77,387,374,400,342.25,172.2,339.66
75,110,446,398,432,303.25,166.0,302.91
22,417,158,388,82,89.77,18.6,88.01
97,408,412,37,444,393.81,142.8,389.23
12,143,421,177,420,51.87,16.2,51.04
11,138,428,95,419,47.9,18.0,47.9
89,424,334,151,372,367.52,135.8,356.24
67,440,308,282,148,290.05,203.2,271.16
62,349,406,133,492,253.97,74.8,251.62
124,384,207,201,402,514.4,556.4,499.96
53,410,398,409,330,224.58,158.2,215.55
101,400,110,366,367,413.27,294.6,406.24
4,174,391,191,398,19.9,12.4,19.9
118,103,496,504,335,479.45,307.2,472.66
47,456,307,409,151,191.41,67.4,188.72
55,387,346,228,469,224.59,103.8,222.25
70,121,469,365,385,281.14,143.0,281.14
41,213,421,58,402,167.84,38.8,166.18
71,467,319,243,459,292.19,160.2,287.26
112,487,372,146,418,456.4,287.4,449.13
47,493,327,413,432,199.55,142.4,190.76
10,221,437,251,468,43.43,15.6,43.43
19,50,430,104,484,79.88,36.2,78.71
46,370,384,458,273,189.07,95.0,186.48
74,453,309,254,141,308.36,190.6,296.85
19,450,295,435,341,79.43,31.8,77.43
12,175,394,176,445,51.41,16.6,51.41
37,250,463,371,389,152.24,41.2,151.65
15,398,182,350,211,65.67,17.0,63.33
25,187,414,97,389,101.53,24.0,100.36
105,332,156,450,398,430.66,444.2,420.46
44,386,158,288,198,185.82,96.4,178.21
10,133,404,156,373,40.53,14.0,40.53
59,319,118,392,92,242.52,142.4,239.84
94,241,141,502,355,385.32,219.0,376.14
29,330,437,221,457,119.63,48.4,117.28
107,429,314,159,385,440.14,230.0,428.04
49,112,451,306,443,197.31,56.0,197.31
12,380,390,422,369,50.7,11.6,50.7
110,123,459,494,358,447.16,433.8,442.13
60,173,407,383,403,244.55,112.8,243.14
9,400,401,428,429,39.6,14.0,39.6
114,175,392,448,241,464.7,343.8,457.29
118,444,431,293,145,492.85,340.0,474.17
26,36,428,136,443,107.97,40.6,106.21
124,356,182,217,446,519.78,615.4,499.06
35,40,424,167,384,143.57,38.4,143.57
110,471,362,137,393,450.69,255.8,441.66
56,417,307,328,204,230.07,75.8,225.62
112,427,420,287,211,464.93,385.2,451.22
21,432,234,365,185,87.3,39.4,87.3
82,57,399,350,403,332.04,173.6,330.04
27,375,194,295,181,114.98,57.0,110.88
109,306,185,433,428,446.46,452.8,436.5
93,171,459,457,308,378.16,320.2,374.4
40,447,258,399,362,162.37,79.4,160.37
124,412,398,264,78,516.4,376.6,499.17
110,163,390,452,266,448.04,330.0,443.46
20,137,446,209,418,83.6,11.8,83.6
27,305,137,251,56,113.27,33.0,109.85
40,435,400,289,440,162.57,37.2,162.57
28,50,385,77,488,114.18,30.6,114.18
122,470,319,42,442,493.19,224.0,489.09
83,132,501,409,367,335.43,71.8,332.5
124,397,187,203,413,511.47,500.4,499.61
74,138,400,403,426,298.48,102.0,297.31
87,371,214,425,431,361.27,332.8,351.9
55,216,455,380,350,222.72,56.6,221.55
98,408,375,47,433,400.62,77.0,394.97
59,388,420,166,431,242.4,53.2,238.15
18,352,178,349,225,75.4,25.8,75.4
93,30,434,390,420,380.81,162.4,375.74
18,135,390,203,400,72.14,16.2,72.14
41,487,325,355,410,173.65,83.6,167.21
70,37,401,296,461,283.85,114.4,283.85
83,469,360,285,119,340.35,191.6,335.66
41,252,455,402,428,166.74,66.0,166.98
45,395,426,230,453,181.25,56.6,180.33
92,428,375,91,454,376.17,91.0,369.72
118,352,381,282,85,483.85,333.6,476.0
66,447,399,210,424,269.1,116.4,264.75
97,180,435,490,367,397.26,357.8,390.82
71,396,118,218,217,298.58,141.2,284.58
102,168,476,431,322,414.65,328.2,409.13
73,80,485,351,425,297.02,53.2,295.85
68,138,497,357,382,278.35,84.4,275.42
30,426,244,404,320,126.91,21.4,122.81
112,233,215,370,386,460.17,324.6,451.83
70,411,408,161,401,287.89,121.4,283.55
37,377,405,487,338,157.27,64.8,149.89
84,162,439,455,340,342.74,170.6,338.98
8,236,437,265,451,34.8,14.4,34.8
35,140,400,252,473,145.07,14.8,143.89
73,389,402,136,389,298.35,115.0,294.01
116,411,235,201,396,482.39,493.2,467.36
26,234,216,333,231,105.8,20.6,105.21
91,478,315,169,439,373.09,219.2,366.5
124,416,408,216,213,511.52,472.6,499.56
60,51,454,294,454,246.31,137.6,243.0
1,118,480,120,486,6.83,12.8,6.83
43,327,440,172,400,181.12,48.4,175.71
6,407,395,430,401,25.49,13.0,25.49
112,416,417,286,160,462.87,345.2,449.64
28,64,468,97,370,115.57,20.6,112.5
92,101,381,432,423,374.18,175.6,369.45
49,464,254,406,106,195.82,60.0,196.65
33,85,413,203,453,134.57,33.6,134.57
20,99,401,54,461,84.98,21.4,82.74
25,375,359,319,437,102.61,43.4,101.2
8,119,399,154,399,35.0,14.0,35.0
103,385,383,254,210,422.72,402.6,415.45
75,236,436,478,341,312.12,206.4,303.43
114,415,116,303,429,464.63,280.2,457.6
75,440,327,190,452,305.88,87.0,303.53
62,459,293,306,455,259.19,175.6,251.92
29,81,366,79,474,120.77,50.4,116.28
100,121,502,454,332,405.76,172.4,403.42
91,443,351,145,380,381.13,151.2,366.35
70,189,391,430,417,283.41,66.0,280.24
116,357,386,367,126,477.47,523.0,467.96
89,478,395,240,463,363.5,115.0,357.99
34,160,449,31,423,140.36,53.2,139.77
83,479,328,248,140,346.3,238.2,333.03
28,117,370,61,462,118.12,32.8,115.2
18,66,424,127,460,77.08,27.2,75.91
18,343,225,364,178,74.67,26.6,73.5
89,396,370,103,366,367.48,121.2,359.13
93,83,353,382,366,376.52,159.4,373.35
47,30,434,221,434,198.66,72.2,191.83
27,282,460,179,439,111.7,55.0,111.7
79,380,361,139,366,326.82,112.8,316.13
24,128,370,125,465,98.49,22.2,97.9
120,483,385,116,488,487.69,284.6,483.59
26,336,425,393,342,108.37,29.6,106.61
104,456,418,345,165,433.39,277.2,418.01
86,470,374,321,113,350.13,237.0,345.1
60,397,96,279,147,251.35,84.8,241.69
55,449,264,398,423,228.45,144.8,220.59
102,182,431,453,265,413.72,298.4,408.06
39,409,155,297,183,165.92,72.4,159.48
91,377,425,47,387,378.35,144.6,365.62
7,132,391,157,375,31.63,13.4,31.63
47,210,462,382,420,189.98,61.8,189.4
110,140,401,499,358,448.56,414.2,442.11
34,329,416,438,352,142.34,43.6,139.99
59,294,433,478,312,238.81,90.0,237.05
89,432,345,134,397,366.23,143.4,359.3
7,437,316,465,307,31.73,14.8,31.73
45,386,421,216,453,185.01,68.2,183.25
26,145,396,89,479,107.37,22.6,106.78
73,464,348,262,472,297.89,132.0,295.2
25,423,356,470,368,104.6,40.8,103.67
7,69,382,67,413,31.83,13.4,31.83
70,290,132,429,320,287.23,225.0,281.37
53,452,307,441,418,219.87,190.8,212.01
60,32,428,256,474,243.64,74.0,243.05
109,211,100,480,376,444.77,251.8,438.19
74,323,419,49,409,308.07,129.2,299.68
46,249,463,412,438,187.2,56.6,187.44
120,76,449,497,352,486.68,524.8,481.06
115,91,431,491,349,469.75,527.6,463.89
85,419,404,110,485,344.31,117.2,342.55
107,115,463,470,307,432.5,294.4,430.16
114,134,415,414,322,466.06,498.8,459.72
62,72,469,307,429,253.33,40.4,251.57
23,407,354,481,342,93.6,31.4,93.25
110,125,446,501,364,448.68,449.8,443.65
25,139,469,174,380,103.5,18.0,103.5
18,299,91,361,123,76.43,20.6,75.25
24,128,380,148,470,100.04,34.0,98.87
108,138,453,457,279,437.68,359.6,433.92
105,419,313,169,404,429.86,237.4,420.59
49,49,418,230,461,198.81,71.8,198.81
23,154,398,70,424,97.11,26.2,95.36
74,107,451,371,376,299.75,141.8,299.17
46,212,462,37,433,188.43,106.6,187.01
6,167,405,144,393,28.56,14.0,27.97
74,159,464,438,414,301.47,84.4,299.71
55,340,115,419,123,224.76,94.0,222.08
6,495,364,487,388,27.31,17.0,27.31
87,401,371,94,478,354.25,90.4,351.32
97,63,395,417,432,392.04,181.6,389.21
124,422,407,240,134,519.74,387.0,499.78
18,107,371,178,381,75.14,21.8,75.14
114,96,398,487,327,467.69,265.4,459.35
23,426,238,468,316,97.74,34.6,95.4
60,305,454,469,300,245.36,156.6,243.02
6,125,483,144,464,26.87,16.4,26.87
23,153,480,233,444,95.5,28.4,94.91
44,240,469,99,378,182.69,57.2,179.52
120,117,450,458,249,487.61,483.2,483.26
6,110,486,88,473,27.38,13.2,27.38
22,90,455,177,443,91.97,17.6,91.97
78,199,391,433,337,315.4,96.6,312.23
55,456,272,316,124,226.29,106.6,220.09
6,101,400,79,388,29.31,17.4,26.97
46,488,355,412,393,197.58,144.4,187.97
70,167,443,402,354,284.89,128.6,281.72
33,302,426,176,442,140.53,21.6,135.11
18,457,295,465,358,75.18,26.4,74.6
101,227,452,417,238,414.03,386.6,407.35
111,286,211,407,437,457.07,409.2,446.87
123,233,126,381,427,516.67,441.2,495.78
102,158,396,473,352,415.62,372.4,408.59
98,196,460,450,268,397.06,271.4,393.3
79,362,381,91,477,320.14,86.4,317.21
84,165,441,452,328,339.71,117.0,337.12
94,432,246,237,441,385.89,231.6,377.79
123,79,496,438,314,499.66,548.4,495.32
106,340,161,314,448,440.71,435.0,427.58
93,420,374,320,109,378.0,282.8,372.14
121,398,207,193,408,500.64,499.4,487.37
104,406,92,356,381,421.86,266.6,416.59
100,411,419,44,391,404.38,154.8,400.14
110,449,420,35,401,447.99,195.2,442.58
123,475,339,56,401,499.86,313.0,494.69
85,302,91,485,348,344.52,167.6,342.76
99,72,482,438,409,398.58,308.8,396.24
119,291,445,318,143,487.24,335.6,478.8
122,296,189,302,454,507.06,495.4,490.17
106,464,353,204,94,439.6,291.4,425.74
109,431,337,43,443,441.22,203.0,438.88
74,440,252,210,98,308.96,155.4,299.2
114,386,347,314,113,463.91,318.2,458.88
113,395,202,222,456,458.77,424.4,453.84
89,241,130,453,342,373.35,302.0,359.59
91,447,330,142,422,372.85,170.6,367.68
96,232,119,505,343,392.09,163.0,385.26
94,111,473,437,343,381.61,170.0,379.85
91,216,446,452,269,368.85,247.8,365.09
99,404,173,302,435,405.97,251.4,399.53
111,464,264,134,442,455.95,386.6,447.95
123,87,475,455,279,498.03,533.0,494.86
84,351,375,87,389,347.56,107.8,336.74
108,381,421,385,83,443.35,294.6,435.73
82,117,434,408,360,338.04,257.8,331.94
85,407,376,405,109,343.92,182.6,340.99
73,458,305,252,457,299.85,182.6,295.16
92,472,376,205,459,375.36,151.6,371.5
107,432,309,143,477,437.62,183.8,431.52
94,59,352,374,384,381.96,139.2,378.79
103,450,352,216,98,433.14,300.6,415.53
113,384,69,354,409,461.04,252.6,454.01
123,394,401,261,59,514.75,428.8,495.62
78,148,395,409,365,317.43,106.8,314.85
98,399,191,301,467,401.91,263.6,395.47
82,434,399,137,419,333.41,153.2,330.34
87,196,437,491,317,356.26,113.2,351.33
87,363,405,32,445,354.54,151.2,351.71
96,301,454,382,195,393.09,227.0,386.98
70,499,330,288,225,288.63,198.6,282.78
123,456,267,90,433,507.99,327.0,495.99
84,141,485,450,431,339.99,112.8,339.65
105,148,449,422,323,428.19,450.4,423.26
102,49,429,440,423,410.64,249.4,408.4
105,462,430,74,400,424.31,199.2,420.31
101,486,371,167,458,412.43,146.4,407.4
113,87,402,472,321,459.69,244.2,455.35
101,490,341,145,463,409.58,204.6,405.48
122,474,356,63,433,499.61,192.6,491.85
82,297,139,468,376,337.65,196.8,331.2
73,327,428,77,353,302.32,85.6,295.15
96,410,323,255,52,394.36,168.6,387.91
105,445,398,54,421,423.48,134.6,420.41
122,117,492,477,394,492.86,508.4,491.59
92,402,414,337,167,382.07,234.0,369.53
122,411,226,159,463,498.73,363.6,490.87
73,425,401,148,446,297.88,139.4,295.64
104,39,449,418,357,422.18,343.0,419.59
107,445,325,71,426,437.82,168.8,431.58
102,451,336,199,111,425.42,298.8,408.39
82,355,390,64,467,333.34,82.4,330.99
106,452,402,54,416,431.48,288.2,427.82
80,358,419,83,362,324.49,137.0,320.15
86,66,486,376,397,348.04,142.8,346.87
86,407,365,95,450,350.14,76.2,347.21
73,100,398,359,403,298.45,157.4,295.87
81,406,397,133,363,336.95,132.8,327.43
114,319,113,338,419,466.61,439.4,459.58
122,354,180,231,454,500.81,526.6,491.2
119,411,314,107,434,486.33,224.8,477.75
110,302,89,382,405,454.36,457.8,441.81
107,329,420,417,113,435.22,270.2,431.7
86,357,176,408,404,357.27,321.2,347.66
122,468,329,35,419,497.82,209.6,491.82
95,318,148,368,405,395.11,369.2,383.16
107,50,410,451,413,434.27,212.8,428.75
120,394,208,184,444,493.63,417.6,483.29
104,76,424,444,355,427.63,344.0,419.78
95,184,394,467,298,388.35,219.0,383.17
103,69,387,442,403,417.01,179.8,414.42
69,318,129,491,318,284.37,142.0,279.93
94,413,417,65,403,381.24,190.0,376.99
111,325,425,300,178,455.43,436.2,446.64
113,445,231,174,425,463.96,393.8,455.86
122,265,467,328,194,499.96,502.6,491.17
79,352,416,50,444,328.23,175.6,318.57
93,422,360,112,383,381.72,151.0,375.86
113,82,428,480,329,458.26,261.0,453.09
114,197,414,421,221,463.7,359.0,457.36
119,371,117,405,391,488.3,467.0,478.44
113,408,404,382,71,463.42,292.6,452.29
117,416,418,298,100,481.47,346.6,468.34
95,441,326,134,506,386.83,173.0,383.9
122,328,434,264,160,500.2,458.6,490.83
99,383,404,313,130,409.04,310.8,397.33
120,449,300,97,373,492.43,436.2,483.74
72,82,373,334,421,293.76,168.0,291.76
81,232,444,454,290,331.85,245.8,327.26
78,356,367,111,494,317.52,74.2,315.76
92,415,363,321,102,377.66,271.6,371.22
93,193,393,474,345,380.89,289.2,373.86
111,408,362,252,54,455.13,295.0,446.68
99,329,159,345,426,411.84,333.0,399.3
81,74,401,373,420,330.75,145.0,327.58
69,383,386,141,475,282.38,93.4,279.45
80,355,386,72,424,328.24,56.2,323.75
104,380,191,274,456,430.43,399.4,419.06
103,83,369,444,394,0.0,1034.2,413.61
89,383,411,410,137,370.16,223.6,359.62
80,407,378,329,153,330.69,205.8,323.42
122,201,436,401,189,498.91,446.8,491.16
80,473,323,204,435,331.78,173.8,323.68
72,103,370,354,423,295.52,112.8,291.18
101,457,313,149,391,418.32,227.0,407.97
120,292,178,298,428,489.33,395.4,482.88
80,230,445,501,339,330.81,224.6,323.19
99,210,428,441,254,412.45,324.0,397.27
111,121,491,498,336,453.79,291.2,447.0
79,413,353,162,377,330.3,130.2,319.62
111,473,327,82,426,453.75,166.2,447.75
101,432,408,44,444,414.37,255.6,407.88
79,354,395,65,439,324.1,85.0,319.27
79,311,135,486,372,322.37,196.8,319.45
78,474,348,328,118,320.37,230.6,315.35
65,364,417,127,482,265.68,77.8,263.92
120,313,431,288,147,498.07,575.6,483.48
95,62,413,422,421,388.12,362.6,383.2
100,367,379,409,97,404.86,233.6,403.1
100,395,375,51,372,409.33,149.4,403.23
120,95,376,498,339,491.39,366.0,483.77
69,146,486,356,365,297.59,157.4,279.45
94,307,430,375,191,386.39,238.6,379.7
72,430,238,209,90,302.75,191.8,291.82
120,405,217,190,398,497.81,516.0,483.37
78,439,328,305,120,322.58,189.2,315.89
111,429,241,177,430,457.17,364.0,447.42
100,396,378,34,413,407.84,173.0,403.01
72,106,390,362,416,292.21,143.0,290.79
72,434,248,202,112,302.33,172.6,290.82
72,475,345,247,444,299.49,124.8,291.88
94,489,374,251,144,392.37,322.2,378.52
99,466,329,124,466,402.85,202.8,398.75
118,349,123,341,421,482.1,399.0,475.07
94,183,451,490,360,384.19,369.2,379.16
99,353,401,314,152,408.46,220.6,398.84
117,367,409,223,214,483.17,591.4,471.22
99,166,446,499,362,404.85,391.4,399.82
99,475,333,132,456,401.71,244.2,399.02
69,381,341,175,468,283.21,74.6,279.69
72,161,479,409,379,296.11,103.6,291.66
72,319,201,422,354,296.39,178.4,291.71
117,468,327,53,427,477.92,345.2,471.33
69,355,399,125,373,285.46,106.4,278.88
69,479,331,309,132,284.65,165.2,279.37
69,378,391,126,457,281.1,90.2,279.34
69,259,452,485,336,286.63,173.6,279.85
68,370,415,114,462,279.47,158.0,275.47
117,337,412,268,147,484.64,511.8,471.61
117,455,271,137,371,482.6,507.6,471.09
68,323,157,504,345,281.72,73.4,275.86
68,153,432,367,355,0.0,7.2,275.41
66,380,390,137,440,272.68,162.4,267.85
117,125,493,455,272,475.07,398.8,471.32
117,93,469,446,298,474.86,530.2,471.1
65,408,369,186,422,268.52,98.2,263.01
65,86,386,311,415,267.97,135.0,263.04
64,310,418,96,361,268.91,57.6,259.98
64,333,427,95,477,261.05,70.6,258.71
62,356,415,121,434,255.05,68.6,251.98
117,438,250,141,430,478.69,370.8,470.69
62,162,398,376,401,253.69,73.4,251.69
60,241,435,439,345,247.32,78.4,243.56
117,395,212,198,433,482.22,428.4,471.19
60,336,406,128,398,250.21,60.8,243.62
59,436,248,365,138,237.68,193.8,239.92
59,244,445,12,438,239.87,51.0,239.04
59,281,443,59,405,241.88,89.6,239.4
59,276,443,62,386,249.17,66.0,239.27
59,314,428,431,313,243.32,177.6,239.56
59,341,423,120,423,242.3,53.0,239.23
58,451,275,425,434,242.91,184.4,235.05
58,307,423,104,501,238.24,48.4,235.31
58,293,435,65,453,237.21,57.2,235.46
58,467,326,289,461,240.95,91.0,235.09
58,212,418,424,416,238.37,102.6,235.2
57,337,407,137,484,234.24,60.2,231.89
57,439,251,385,422,245.07,139.4,231.35
57,320,412,114,416,237.1,29.4,231.68
57,303,425,493,331,239.62,105.2,230.59
57,360,408,160,481,233.17,77.0,231.41
56,268,443,45,445,235.87,170.8,227.97
56,307,430,93,463,228.84,74.6,227.67
56,427,242,380,403,240.79,159.2,227.66
56,389,382,193,431,233.41,80.6,227.89
56,331,427,484,369,229.84,210.8,227.74
54,337,428,496,361,227.08,189.8,219.12
54,401,370,215,451,221.89,101.6,219.55
54,241,443,31,419,219.94,65.8,219.94
52,320,431,141,503,215.75,68.0,211.75
52,435,245,381,70,213.55,57.8,211.45
52,235,445,28,445,213.38,76.6,211.14
52,451,285,344,421,217.59,78.4,211.15
52,282,443,452,343,214.35,86.4,211.42
51,290,438,108,391,216.1,81.8,207.27
51,349,405,468,377,212.24,209.4,207.79
51,446,259,306,121,208.29,99.8,207.12
51,438,250,320,109,207.63,101.8,207.29
51,457,330,412,170,212.04,117.4,207.35
51,451,304,436,411,215.38,197.6,207.52
50,229,445,32,439,205.28,120.8,203.63
50,234,429,416,432,204.88,38.2,203.12
45,219,459,386,420,183.74,60.8,183.15
45,295,433,123,461,185.36,49.8,183.6
45,409,362,261,444,188.21,59.0,182.79
45,293,435,120,430,187.6,24.4,183.36
45,381,389,223,441,194.17,74.8,182.85
43,378,190,268,73,176.62,65.4,174.87
43,343,406,187,452,176.23,28.2,175.05
43,354,400,204,461,176.44,36.8,175.27
41,456,312,375,425,179.92,63.2,167.97
41,306,441,462,413,168.77,26.8,167.6
41,243,446,80,456,167.14,23.0,167.14
41,451,299,393,406,179.41,117.6,167.45
40,246,445,395,411,164.5,71.6,163.08
40,353,402,471,339,165.99,119.2,163.31
39,376,394,496,354,161.72,82.8,159.04
39,343,426,196,455,161.94,22.0,159.01
33,425,350,323,431,136.72,60.0,135.55
33,363,396,254,460,136.68,62.8,135.51
33,267,444,376,381,138.61,33.6,135.1
22,310,419,373,369,91.33,29.8,90.74
22,423,355,483,355,93.6,37.2,91.5
22,234,456,158,486,92.53,21.4,91.36
6,289,143,264,148,27.07,4.4,27.07
5,186,401,170,385,22.63,13.4,22.63
5,408,128,396,116,22.83,9.0,22.83
5,474,328,476,351,24.41,10.4,23.83
5,138,433,118,424,23.73,13.4,23.73
5,464,276,466,253,23.83,3.2,23.83
5,91,367,74,352,23.21,14.2,23.21
5,460,284,453,263,23.9,13.8,23.9
4,396,430,413,435,19.07,13.2,19.07
4,135,470,118,475,19.07,14.0,19.07
4,308,192,293,181,20.73,8.2,19.56
4,277,447,263,461,19.8,14.8,19.8
4,85,392,69,385,18.9,14.0,18.9
4,79,411,65,397,19.8,13.4,19.8
3,312,140,313,127,13.41,7.4,14.83
3,229,119,219,109,16.49,14.4,15.9
3,452,252,447,239,15.07,13.2,15.07
3,468,327,482,324,15.24,9.2,15.24
3,276,443,263,450,15.9,9.0,15.9
3,47,422,32,420,15.83,13.6,15.83
2,203,453,192,455,11.83,7.8,11.83
2,409,154,412,144,11.24,7.8,11.24
2,52,424,42,421,11.24,14.0,11.24
2,195,411,187,404,10.9,13.8,10.9
1,414,117,416,111,6.83,13.0,6.83
1,271,156,265,152,7.66,13.2,7.66
1,341,419,336,424,7.07,7.4,7.07
1,66,444,61,439,7.07,7.6,7.07
1,299,435,294,440,7.07,13.2,7.07
1,333,202,326,200,7.83,13.0,7.83
1,95,373,89,370,7.24,13.0,7.24
0,424,343,426,341,2.83,13.0,2.83
0,27,421,25,419,2.83,12.6,2.83
0,171,401,169,399,2.83,12.8,2.83
0,84,471,82,473,2.83,12.8,2.83
0,280,450,283,452,3.83,13.0,3.83
0,53,428,50,426,3.83,12.8,3.83
0,279,167,276,166,3.41,7.6,3.41
0,404,164,406,161,4.41,7.6,3.83
0,446,352,448,354,2.83,7.2,2.83
0,53,375,51,373,2.83,12.8,2.83
25,100,451,121,358,105.6,20.4,101.7
